Percent Copied,Index,Sliding Window Size,BVH File Num,Exemplar Num,Val Loss,Metric (MSE),Training Time
,,10,21,1225,1.357445240020752,1.357445240020752,0.868395984172821
,,10,,,0.5563703775405884,0.5563703775405884,0.7445335507392883
,,10,,,0.6877891421318054,0.6877891421318054,0.7286324183146159
