Percent Copied,Index,Sliding Window Size,BVH File Num,Exemplar Num,Val Loss,Val Accuracy,Training Time
30.0,12,2,,,0.006786706391721964,0.9371188879013062,998
30.0,12,4,,,0.00459103100001812,0.8650914430618286,974
30.0,12,6,,,0.005177144426852465,0.875,971
30.0,12,8,,,0.0050420332700014114,0.9409298896789551,940
30.0,12,10,,,0.005543588660657406,0.921875,841
30.0,12,12,,,0.0056232488714158535,0.9016768336296082,839
