Percent Copied,Index,Sliding Window Size,BVH File Num,Exemplar Num,Val Loss,Val Accuracy,Training Time
32.0,13,2,,,0.0030950172804296017,0.8381249904632568,1254
32.0,13,4,,,0.004028398543596268,0.9106249809265137,1205
