Percent Copied,Index,Sliding Window Size,BVH File Num,Exemplar Num,Val Loss,Val Accuracy,Training Time
34.0,14,2,,,0.0028448281809687614,0.916015625,1150
34.0,14,4,,,0.0030269220005720854,0.9072265625,1153
34.0,14,6,,,0.0033100349828600883,0.9013671875,1109
34.0,14,8,,,0.0022434291895478964,0.91796875,1104
34.0,14,10,,,0.0035316094290465117,0.9189453125,1130
34.0,14,12,,,0.0030096760019659996,0.91796875,1024
34.0,14,14,,,0.0029720787424594164,0.9072265625,1092
34.0,14,16,,,0.0036704319063574076,0.9619140625,1067
34.0,14,18,,,0.003247290151193738,0.91015625,956
