Percent Copied,Index,Sliding Window Size,BVH File Num,Exemplar Num,Val Loss,Val Accuracy,Training Time
36.0,15,2,,,0.003752367803826928,0.9024122953414917,1695
36.0,15,4,,,0.004755034577101469,0.9106359481811523,1598
36.0,15,6,,,0.004758125636726618,0.9564144611358643,1472
36.0,15,8,,,0.003937032539397478,0.9317434430122375,1469
36.0,15,10,,,0.004165890626609325,0.9402412176132202,1384
36.0,15,12,,,0.005892050918191671,0.8873355388641357,1365
