Percent Copied,Index,Sliding Window Size,BVH File Num,Exemplar Num,Val Loss,Val Accuracy,Training Time
20.0,7,2,,,0.017302541062235832,0.9033564925193787,664
20.0,7,4,,,0.018944473937153816,0.8964120149612427,661
20.0,7,6,,,0.018443256616592407,0.8807870149612427,616
20.0,7,8,,,0.01391665730625391,0.8831018805503845,641
20.0,7,10,,,0.02016150765120983,0.9050925970077515,629
20.0,7,12,,,0.019484102725982666,0.8993055820465088,599
20.0,7,14,,,0.015243805944919586,0.875,594
20.0,7,16,,,0.020060420036315918,0.9004629850387573,609
20.0,7,18,,,0.01784970611333847,0.8466435074806213,581
