Percent Copied,Index,Sliding Window Size,BVH File Num,Exemplar Num,Val Loss,Metric (MSE),Training Time
22.0,8,2,3221,143998,0.15372905135154724,0.15372905135154724,1406.9034126281738
22.0,8,4,3221,72884,0.008964050561189651,0.008964050561189651,257.4940604289373
22.0,8,6,3221,49037,0.01627078652381897,0.01627078652381897,120.20510224501292
