Percent Copied,Index,Sliding Window Size,BVH File Num,Exemplar Num,Val Loss,Val Accuracy,Training Time
22.0,8,2,,,0.011075994931161404,0.9279233813285828,787
22.0,8,4,,,0.011636290699243546,0.9274193644523621,743
22.0,8,6,,,0.010688434354960918,0.9238911271095276,773
22.0,8,8,,,0.013953978195786476,0.9072580933570862,761
22.0,8,10,,,0.011727534234523773,0.9158266186714172,773
22.0,8,12,,,0.01097643468528986,0.930443525314331,733
22.0,8,14,,,0.010409432463347912,0.9193548560142517,739
22.0,8,16,,,0.011540582403540611,0.9037298560142517,602
22.0,8,18,,,0.008747449144721031,0.9047378897666931,556
