Percent Copied,Index,Sliding Window Size,BVH File Num,Exemplar Num,Val Loss,Metric (MSE),Training Time
24.0,9,8,3513,41139,0.34467414021492004,0.34467414021492004,2.0920268336931866
24.0,9,8,3513,41139,0.24408294260501862,0.24408294260501862,1.337663221359253
24.0,9,8,3513,41139,0.24263326823711395,0.24263326823711395,1.884207836786906
24.0,9,8,3513,41139,0.2713702321052551,0.2713702321052551,2.154503579934438
